Ensembl ID,Symbol,Alias symbol,Total_Support,Is Oncogene,Is Tumor Suppressor Gene,In OnkoKB,PubmedID
,RASGAP,,60,,,False,39269317
,BPAG2,,44,,,False,21295274
ENSG00000180340,FZD2,,30,,,False,"35930737, 30677195"
,HD,,26,,,False,40317587
ENSG00000124813,RUNX2,"AML3, CBFA1, CCD, CCD1, PEBP2A1, PEBP2aA1",23,No,No,True,40243781
ENSG00000197122,SRC,"ASV, SRC1, c-src",22,Yes,No,True,"37120696, 33123993"
ENSG00000141646,SMAD4,"DPC4, MADH4",21,No,Yes,True,"39164192, 35863523"
ENSG00000143622,RIT1,"MGC125864, MGC125865, RIBB, RIT, ROC1",19,Yes,No,True,39760648
,JNK3,,16,,,False,37895928
,DISHEVELED,,14,,,False,37683388
ENSG00000100485,SOS2,,10,,,False,39437166
ENSG00000156052,GNAQ,"G-ALPHA-q, GAQ",10,Yes,No,True,40181677
ENSG00000132535,PSD95,,8,,,False,36127319
ENSG00000198400,NTRK1,"MTC, TRKA",4,Yes,No,True,40315374
ENSG00000140396,GRIP1,,3,,,False,25295534
ENSG00000114423,CBLB,"Cbl-b, RNF56",1,No,No,True,"36750253, 33741730"
ENSG00000111679,PTPN6,"HCPH, PTP-1C, SHP-1, SHP1",-4,No,No,True,40164665
ENSG00000108424,KPNB1,,-8,,,False,"39868276, 39120977"
ENSG00000151491,EPS8,,-10,,,False,24106906
ENSG00000033327,GAB2,KIAA0571,-10,Yes,No,True,"37085900, 22871571"
ENSG00000140396,NCOA2,"KAT13C, NCoA-2, TIF2, bHLHe75",-13,No,No,True,25295534
ENSG00000115904,SOS1,GINGF,-13,Yes,No,True,"36459180, 37042566"
ENSG00000196498,NCOR2,"CTG26, SMRT, SMRTE, TNRC14, TRAC-1",-14,No,No,True,
,CYTOCHROMEC,,-14,,,False,
ENSG00000118495,PLAGL1,,-14,,,False,38639853
,CALRETICULIN,,-14,,,False,40287947
ENSG00000125651,RAP74,,-16,,,False,
,PCAF,,-16,,,False,40082673
ENSG00000136504,KAT7,"HBO1, HBOA, MYST2, ZC2HC7",-16,Yes,No,True,"35637972, 33754016"
ENSG00000135605,TEC,PSCTK4,-16,No,No,True,40251405
ENSG00000101336,HCK,,-18,,,False,
,FILAMIN,,-18,,,False,40151834
ENSG00000185591,SP1,,-21,,,False,40258813
ENSG00000168610,STAT3,APRF,-22,Yes,No,True,32972405
ENSG00000063978,RNF4,,-22,,,False,"40125551, 39418304"
,SHP,,-22,,,False,"40241752, 40167020"
ENSG00000148516,ZEB1,,-22,,,False,40275610
,BETAARRESTIN,,-24,,,False,"31122393, 30837880"
ENSG00000140443,IGF1R,"CD221, IGFIR, IGFR, JTK13, MGC18216",-24,Yes,No,True,"36373776, 35668527, 38420122"
ENSG00000100592,DAAM1,,-25,,,False,36858182
,TGIF,,-25,,,False,
,APPL,,-25,,,False,40327892
,AES,,-25,,,False,
ENSG00000159216,RUNX1,"AML1, AMLCR1, CBFA2, PEBP2A2",-25,No,Yes,True,40282530
ENSG00000184895,SRY,,-25,,,False,
,p85beta,,-26,,,False,
ENSG00000131171,SH3BGRL,,-27,,,False,37008945
ENSG00000135480,KRT7,,-27,,,False,40011455
ENSG00000107643,JNK,,-27,,,False,"30912203, 31994958"
,MIG6,,-27,,,False,
,DD,,-28,,,False,
,PIAS,,-28,,,False,40016540
,SOCS,,-28,,,False,40231257
ENSG00000151729,SLC25A4,,-28,,,False,37377022
,TOB,,-29,,,False,40321723
ENSG00000050748,MAPK9,,-29,,,False,33392504
ENSG00000114062,UBE3A,,-30,,,False,
ENSG00000168374,ARF4,,-30,,,False,38679330
ENSG00000149311,ATM,"ATA, ATC, ATD, ATDC, TEL1, TELO1",-30,No,Yes,True,40319323
ENSG00000141367,CLTC,"CLTCL2, Hc",-30,No,No,True,"40196575, 39850878"
,PITPN,,-32,,,False,
ENSG00000196961,AP2A1,,-34,,,False,34210752
,GEF,,-34,,,False,40154811
,cPLA2,,-36,,,False,39981923
,ARA54,,-36,,,False,17082327
ENSG00000103266,STUB1,,-36,,,False,
ENSG00000126756,UXT,,-36,,,False,"37152054, 35229028"
,GA,,-36,,,False,"40327212, 40327211"
ENSG00000126457,PRMT1,,-37,,,False,"40173041, 40061000"
ENSG00000100105,PATZ1,"MAZR, PATZ, RIAZ, ZBTB19, ZNF278, ZSG, dJ400N23",-37,No,No,True,39576278
ENSG00000105401,CDC37,,-37,,,False,39894064
ENSG00000115641,FHL2,,-37,,,False,39262474
,TBPIP,,-37,,,False,
ENSG00000105989,WNT2,,-37,,,False,39505332
,EBP1,,-37,,,False,"39923993, 37230585"
ENSG00000126561,STAT5A,STAT5,-37,Yes,No,True,37196931
ENSG00000107262,BAG1,,-37,,,False,39366981
ENSG00000124664,SPDEF,,-37,,,False,39401352
ENSG00000134352,IL6ST,"CD130, GP130, IL-6RB, sGP130",-37,Yes,No,True,39840666
,TFIIH,,-38,,,False,
,37165,,-38,,,False,
,Rad54l2,,-38,,,False,38055811
,TR4,,-38,,,False,39671149
,37530,,-38,,,False,
ENSG00000188342,RAP30,,-38,,,False,
ENSG00000120868,APAF1,,-38,,,False,
ENSG00000166949,SMAD3,"HsT17436, JV15-2, MADH3",-38,No,Yes,True,"36727462, 34392614"
ENSG00000171105,INSR,CD220,-38,Yes,No,True,40187002
ENSG00000134215,VAV3,,-39,,,False,39715471
ENSG00000184304,PRKD1,"PKC-mu, PKCM, PKD, PRKCM",-39,No,No,True,
ENSG00000121879,PIK3CA,PI3K,-40,Yes,No,True,"33801659, 15023437"
ENSG00000106070,GRB10,,-40,,,False,39223679
ENSG00000085832,EPS15,"AF-1P, MLLT5",-41,No,No,True,38230218
,E2,,-41,,,False,
,WNT,,-42,,,False,40324811
ENSG00000141968,VAV1,VAV,-42,Yes,No,True,35752351
,CSP,,-43,,,False,"40297699, 40140133"
ENSG00000128422,KRT17,,-43,,,False,39993788
ENSG00000196628,TCF4,,-43,,,False,40253697
ENSG00000135144,DTX1,"RNF140, hDx-1",-44,No,Yes,True,
ENSG00000112964,GHR,,-44,,,False,39922931
ENSG00000165731,RET,"CDHF12, CDHR16, HSCR1, MEN2A, MEN2B, MTC1, RET51",-44,Yes,No,True,"40325461, 40323590"
,FGFR,,-44,,,False,40293725
ENSG00000010810,FYN,MGC45350,-45,Yes,No,True,36740671
,PIP3,,-45,,,False,
,Ub,,-45,,,False,"40310477, 40307417, 40304916"
ENSG00000170677,SOCS6,,-46,,,False,"39385295, 37972389"
,Miz1,,-46,,,False,"34038747, 36538983"
,CHK,,-46,,,False,
ENSG00000187266,EPOR,,-46,Yes,No,True,"35359375, 28418910"
ENSG00000064012,CASP8,"Casp-8, FLICE, MACH, MCH5",-47,No,Yes,True,40290959
,PQCaCh,,-47,,,False,
ENSG00000089159,PXN,,-47,,,False,29318915
,DAG,,-48,,,False,40241125
,STEP,,-48,,,False,40325806
,CALMODULIN,,-49,,,False,"23958188, 24188867"
ENSG00000261150,EPPK1,,-49,,,False,38293837
,AC,,-49,,,False,"40327285, 40327277"
,GRIT,,-50,,,False,39786430
,PLD,,-50,,,False,40201899
ENSG00000136807,CDK9,,-52,,,False,40250441
ENSG00000139352,ASCL1,,-52,,,False,40250442
ENSG00000153317,ASAP1,,-52,,,False,39748364
ENSG00000134853,PDGFRA,"CD140a, GAS9, PDGFR2",-53,Yes,No,True,40216820
ENSG00000078399,HOXA9,HOX1G,-54,No,No,True,40081214
,YES,,-54,,,False,40317712
ENSG00000109321,AR,"AIS, DHTR, HUMARA, NR3C4, SBMA, SMAX1",-54,Yes,No,True,22245783
,P13K,,-54,,,False,
ENSG00000137843,PAK6,,-55,,,False,39233332
ENSG00000244405,ETV5,ERM,-55,Yes,No,True,40027641
,ZNF259,,-55,,,False,"29276408, 21729881"
ENSG00000105229,PIAS4,,-55,,,False,38615741
ENSG00000157933,SKI,,-55,,,False,40188079
,CAVEOLIN,,-56,,,False,40198624
,DR4,,-56,,,False,"40238542, 39876075"
,bARK,,-57,,,False,40302071
ENSG00000124151,RAC3,,-57,,,False,"34251576, 37711895"
ENSG00000126883,NUP214,"CAIN, CAN, D9S46E, N214",-57,Yes,No,True,40009976
,SODD,,-58,,,False,29087604
,PKAc,,-59,,,False,"39796711, 39138140"
ENSG00000078304,PPP2R5C,,-59,,,False,"39802100, 38487726"
,ARA160,,-59,,,False,19330832
,PRAK,,-60,,,False,
ENSG00000154016,GRAP,,-60,,,False,36438781
ENSG00000196914,ARHGEF12,"KIAA0382, LARG",-61,Yes,Yes,True,37225434
ENSG00000266412,NCOA4,"ARA70, DKFZp762E1112, ELE1, PTC3, RFG",-61,No,No,True,40147679
ENSG00000168066,SF1,,-61,,,False,
ENSG00000165671,NSD1,"ARA267, FLJ22263, KMT3B, STO",-61,Yes,Yes,True,39910618
ENSG00000197321,SVIL,,-61,,,False,"39964147, 39113865"
,ARA55,,-61,,,False,24942580
,UBC9,,-61,,,False,"40025314, 39452940"
,RIP140,,-61,,,False,"38459621, 36769131"
,CAM,,-62,,,False,40324881
ENSG00000126934,MAP2K2,"MEK2, PRKMK2",-62,Yes,No,True,
,p90RSK,,-62,,,False,
,GELSOLIN,,-63,,,False,"39964147, 39745006"
ENSG00000281614,INPP5D,"SHIP, SHIP1, hp51CN",-63,No,No,True,
,HIPPOCALCIN,,-63,,,False,"35645147, 35102488"
ENSG00000101665,SMAD7,,-63,,,False,40133308
ENSG00000010017,RANBP9,,-63,,,False,39456631
,Gy,,-64,,,False,
ENSG00000151490,PTPRO,"GLEPP1, NPHS6, PTP-U2, PTP-oc, PTPU2",-64,No,No,True,"39095557, 38050068"
,PLCy,,-64,,,False,
ENSG00000180772,AGTR2,,-64,,,False,35637969
ENSG00000147889,CDKN2A,"ARF, CDKN2, CMM2, INK4, INK4a, MLM, p14, p14ARF, p16, p16INK4a, p19Arf",-64,No,Yes,True,40321828
ENSG00000171150,SOCS5,,-64,,,False,38429411
ENSG00000148053,NTRK2,TRKB,-64,Yes,No,True,40149887
ENSG00000172936,MYD88,,-64,Yes,No,True,"31746347, 38785969"
ENSG00000082701,GSK3B,,-64,Yes,No,True,40156610
,DAP10,,-65,,,False,38189385
ENSG00000137834,SMAD6,,-65,,,False,"39841292, 39563409"
ENSG00000145901,TNIP1,,-65,,,False,"39268404, 36657267"
ENSG00000079387,SENP1,,-66,,,False,"40063360, 39983892"
ENSG00000004897,CDC27,,-66,,,False,
,CRAC,,-66,,,False,40183103
ENSG00000135679,MDM2,"HDM2, MGC5370",-67,Yes,No,True,"40319021, 40316529"
,MYOSINV,,-67,,,False,
ENSG00000147044,CASK,,-67,,,False,"37506697, 34639058"
,PDE,,-67,,,False,
ENSG00000102974,CTCF,"CFAP108, FAP108",-68,No,Yes,True,40166279
,NMDAR,,-68,,,False,40259057
ENSG00000160973,FOXH1,,-68,,,False,35848281
,DOK,,-68,,,False,40165610
,PPARB,,-68,,,False,20481327
,Akt,,-68,,,False,40325003
ENSG00000109670,FBXW7,"AGO, CDC4, FBW7, FBX30, FBXW6, FLJ11071, SEL-10, SEL10",-69,No,Yes,True,40274799
,GH,,-69,,,False,"40301949, 40298337"
,CASKIN,,-69,,,False,
,KAR,,-70,,,False,40318008
ENSG00000162434,JAK1,"JAK1A, JAK1B, JTK3",-70,Yes,Yes,True,"38001065, 31305264"
ENSG00000175104,TRAF6,,-70,,,False,40211498
ENSG00000164885,CDK5,,-71,,,False,40188151
,TopoII,,-71,,,False,
ENSG00000119335,SET,"2PP2A, IGAAD, IPP2A2, PHAPII, TAF-I, TAF-IBETA",-71,Yes,No,True,40326876
ENSG00000015285,WAS,"IMD2, THC, WASP, WASPA",-71,No,No,True,
ENSG00000164047,CAMP,,-72,,,False,40312502
,bRAF,,-72,,,False,40324346
ENSG00000109971,HSPA8,,-72,,,False,40159506
ENSG00000075891,PAX2,,-72,,,False,39872364
,GPCR,,-72,,,False,40263271
ENSG00000130427,EPO,,-73,,,False,
,SnoN,,-73,,,False,34541030
ENSG00000121966,CXCR4,"CD184, D2S201E, HM89, HSY3RR, LESTR, NPY3R, NPYY3R, fusin",-73,Yes,No,True,40307933
,GALPHAS,,-73,,,False,
,p27,,-73,,,False,40288674
,AMPHIPHYSIN,,-73,,,False,39930824
,E12,,-73,,,False,40311210
ENSG00000102054,RBBP7,,-74,,,False,"39862997, 38368381"
ENSG00000145335,SNCA,,-74,,,False,39953304
,E3,,-75,,,False,40323531
ENSG00000010671,BTK,"AGMX1, ATK, IMD1, PSCTK1, XLA",-76,Yes,No,True,40295829
ENSG00000144485,HES6,,-76,,,False,"38733993, 38504568"
ENSG00000091831,ESR1,"ER-alpha, ESR, Era, NR3A1",-76,Yes,No,True,"31318440, 34621045, 37864956"
,HSPG,,-76,,,False,
,ERE,,-76,,,False,39757675
ENSG00000188763,FZD9,,-76,,,False,34836197
,PABP,,-77,,,False,37704377
,DGK,,-77,,,False,
ENSG00000108262,GIT1,,-77,,,False,40176062
ENSG00000281670,CABIN1,,-77,,,False,33490650
ENSG00000100906,NFKBIA,"IKBA, IkappaBalpha, MAD-3, NFKBI",-77,No,Yes,True,
ENSG00000134259,NGF,,-78,,,False,40292253
ENSG00000091831,ER,,-78,,,False,"31318440, 34621045, 37864956"
ENSG00000065057,NTHL1,"NTH1, OCTS3",-78,No,Yes,True,"40237887, 39848343"
,EIF3S2,,-78,,,False,
,GBETAGAMMA,,-78,,,False,
,PTP1D,,-78,,,False,9110989
ENSG00000100311,PDGFB,"SIS, SSV",-78,Yes,No,True,40176156
ENSG00000160007,ARHGAP35,"GRF-1, GRLF1, KIAA1722, P190A, p190ARhoGAP, p190RhoGAP",-78,Yes,Yes,True,37507023
ENSG00000167371,PKC,,-78,,,False,"29468974, 11465069, 28571764, 33383102"
ENSG00000138798,EGF,,-78,,,False,"40318797, 40301868"
ENSG00000132170,PPARG,"NR1C3, PPARG1, PPARG2, PPARgamma",-78,Yes,No,True,37334066
,GFR,,-78,,,False,40244436
,S60,,-79,,,False,39000487
,SPINOPHILIN,,-79,,,False,
ENSG00000055208,TAB2,,-79,,,False,39702253
,JIP,,-79,,,False,39613345
ENSG00000170296,GABARAP,,-79,,,False,39746759
ENSG00000169032,MAP2K1,"MAPKK1, MEK1, PRKMK1",-79,Yes,No,True,33774345
,Gb,,-79,,,False,
ENSG00000106144,CASP2,,-79,,,False,39524140
,Gads,,-79,,,False,
,7TMR,,-79,,,False,18289622
,PI3P,,-80,,,False,39437839
ENSG00000163501,IHH,,-80,,,False,39941010
,PLA2,,-80,,,False,39944809
ENSG00000183625,CCR3,,-80,,,False,39823036
,IRSP53,,-80,,,False,36240267
ENSG00000167193,CRK,,-80,,,False,
,HO,,-80,,,False,"40324952, 40324329, 40324075"
ENSG00000079277,MKNK1,MNK1,-80,No,No,True,39270021
,EIF3,,-80,,,False,"40154622, 40069645"
,P73,,-80,,,False,40244040
ENSG00000092969,TGFB2,,-80,,,False,39992949
ENSG00000078018,MAP2,,-80,,,False,39859209
,NFM,,-80,,,False,38864237
,ALPHACATENIN,,-80,,,False,
ENSG00000101916,TLR8,,-81,,,False,
,SYNTENIN,,-81,,,False,40020425
ENSG00000239732,TLR9,,-81,,,False,"40294721, 40278372"
,GKAP,,-81,,,False,22328512
,TALIN,,-82,,,False,"40304687, 40075063"
,CDC25,,-82,,,False,"40075075, 39841298"
ENSG00000172201,ID4,,-82,,,False,39033128
,RIC,,-82,,,False,"40240177, 40200003"
,ARP2,,-82,,,False,
,DRE,,-82,,,False,40206588
ENSG00000075651,PLD1,,-82,,,False,39700947
ENSG00000126767,ELK1,,-82,,,False,39933635
,RAP1,,-82,,,False,40214810
,SAP102,,-82,,,False,34393723
,AKAP15,,-82,,,False,
ENSG00000150455,TIRAP,,-82,,,False,38284189
ENSG00000185338,SOCS1,"Cish1, JAB, SOCS-1, SSI-1, TIP3",-82,No,Yes,True,
ENSG00000112592,TBP,,-82,,,False,40136266
ENSG00000171720,HDAC3,,-82,,,False,40267875
,REA,,-82,,,False,40283588
,Diversin,,-83,,,False,"38672281, 24858714"
ENSG00000164867,NOS3,,-83,,,False,39859471
,DENSIN,,-83,,,False,12390249
ENSG00000122025,FLT3,"CD135, FLK2, STK1",-83,Yes,No,True,"40325233, 40295666"
,MYOSIN,,-83,,,False,40268931
ENSG00000095752,IL11,,-83,,,False,
,FOXG1B,,-83,,,False,15492844
ENSG00000168522,FNTA,,-83,,,False,34160458
,MEF2,,-83,,,False,"40111261, 39810215"
,MALS,,-83,,,False,
ENSG00000107485,GATA3,HDR,-83,Yes,Yes,True,40299532
ENSG00000130725,UBE2M,,-83,,,False,38994207
ENSG00000284126,SMURF1,,-83,,,False,"39920824, 39762312"
ENSG00000164930,FZD6,,-83,,,False,38805496
ENSG00000112977,DAP,,-83,,,False,40174810
ENSG00000158169,FANCC,"FA3, FAC, FACC",-83,No,Yes,True,40172573
ENSG00000162552,WNT4,,-83,,,False,39726587
,NEUROLIGIN,,-83,,,False,"39897557, 38902533"
ENSG00000137869,CYP19A1,"ARO, ARO1, CPV1, CYAR, CYP19, P-450AROM, aromatase",-83,Yes,No,True,40118351
,MEK5,,-84,,,False,"39998753, 38378612"
,FLASH,,-84,,,False,40309475
ENSG00000172216,CEBPB,,-85,,,False,40207795
,DLK,,-85,,,False,40117942
ENSG00000155011,DKK2,,-85,No,No,True,38795388
,P35,,-85,,,False,40154091
,KV42,,-85,,,False,
ENSG00000153107,ANAPC1,,-85,,,False,39401078
ENSG00000124151,NCOA3,"ACTR, AIB1, CAGH16, KAT13B, SRC-3, SRC3, TNRC16, TRAM-1, bHLHe42, p/CIP",-85,Yes,No,True,"34251576, 37711895"
ENSG00000106546,AHR,,-85,,,False,40310502
ENSG00000132639,SNAP25,,-85,,,False,39236027
,MOR,,-85,,,False,"40224348, 40163297"
ENSG00000079385,CEACAM1,,-85,,,False,40188475
ENSG00000011566,MAP4K3,,-85,,,False,33204699
,DCP1,,-85,,,False,36016727
,Rho,,-85,,,False,
ENSG00000065559,MAP2K4,"JNKK1, MEK4, MKK4, PRKMK4, SERK1",-86,No,Yes,True,
ENSG00000163877,SNIP1,,-86,,,False,38304835
ENSG00000128708,HAT1,,-86,,,False,"39988616, 39600260"
,TCR,,-87,,,False,40317083
ENSG00000080824,HSP90AA1,"FLJ31884, HSP90N, HSPC1, HSPCA, Hsp89, Hsp90",-87,Yes,No,True,40239560
ENSG00000147010,SH3KBP1,,-87,,,False,"39448713, 37343421"
ENSG00000196092,PAX5,BSAP,-87,Yes,Yes,True,40215400
ENSG00000185133,PIB5PA,,-87,,,False,38685520
ENSG00000108654,DDX5,"G17P1, HLR1, p68",-87,Yes,No,True,"40224004, 40067902"
,MITR,,-87,,,False,36857949
,Dynein,,-88,,,False,39934438
ENSG00000064300,NGFR,,-88,,,False,
ENSG00000169047,IRS1,HIRS-1,-88,Yes,No,True,39771106
,SYNGAP,,-88,,,False,36420686
ENSG00000148935,GAS2,,-89,,,False,36054080
ENSG00000166167,BTRC,,-89,,,False,"40007535, 39155374"
,IL8,,-89,,,False,
,Acinus,,-89,,,False,39281971
,MIP1A,,-89,,,False,38892058
,AIP4,,-89,,,False,
,CEM15,,-89,,,False,
ENSG00000170312,CDK1,,-89,,,False,33634905
ENSG00000143761,ARF1,,-89,,,False,39934854
ENSG00000160293,VAV2,,-89,Yes,No,True,"40228216, 39527598"
,ARAD,,-89,,,False,40261432
ENSG00000000938,FGR,,-89,,,False,40053231
ENSG00000118513,MYB,c-myb,-89,Yes,No,True,40272378
,POTASSIUM,,-89,,,False,40302475
,CRE,,-89,,,False,40308197
ENSG00000174125,TLR1,,-89,,,False,39914831
,IL1R,,-89,,,False,
,TAU,,-89,,,False,40307257
,TIEG2,,-89,,,False,10762604
,cIAP1,,-90,,,False,
,NCK,,-90,,,False,40141455
ENSG00000127445,PIN1,,-90,,,False,"40251462, 40125575"
,I-FLICE,,-90,,,False,
ENSG00000144891,AGTR1,,-90,,,False,"39973561, 39450258"
ENSG00000084774,CAD,GATD4,-90,Yes,No,True,40319429
ENSG00000125630,POLR1B,,-91,,,False,34503105
,RSK2,,-91,,,False,"40199026, 39632509"
,SYNDECAN,,-91,,,False,
ENSG00000176697,BDNF,,-91,,,False,40231758
ENSG00000111087,GLI1,GLI,-91,Yes,No,True,"27862693, 38676428"
,CIPP,,-91,,,False,39826078
ENSG00000162337,LRP5,"BMND1, EVR1, EVR4, LR3, LRP7, OPPG, OPS, OPTA1, VBCH2",-91,Yes,Yes,True,40077821
,Graf,,-91,,,False,40282477
ENSG00000137693,YAP1,YAP65,-91,Yes,No,True,"40319089, 40307487"
ENSG00000101977,MCF2,,-91,,,False,"32004476, 29383183"
ENSG00000186716,BCR,"ALL, BCR1, CML, D22S11, D22S662, PHL",-91,Yes,No,True,
,Gbg,,-91,,,False,
ENSG00000254087,LYN,JTK8,-91,Yes,No,True,"37271807, 33419562"
ENSG00000113580,GR,,-91,,,False,37807060
ENSG00000166888,STAT6,"D12S1644, IL-4-STAT",-91,Yes,No,True,
,CRMP2,,-91,,,False,"37316860, 36338721"
ENSG00000282928,MAP4K1,,-92,,,False,
,ISRE,,-92,,,False,37039433
ENSG00000182511,FES,FPS,-92,Yes,No,True,40259911
,HMG1,,-92,,,False,
,IL12,,-92,,,False,
ENSG00000113721,PDGFRB,"CD140b, JTK12, PDGFR, PDGFR1",-92,Yes,No,True,40128057
ENSG00000101412,E2F1,,-92,,,False,40262717
,CK2A2,,-93,,,False,
ENSG00000108854,SMURF2,,-93,,,False,39739005
,MEKK3,,-93,,,False,38374934
,FRIZZLED,,-94,,,False,40193646
,MUPP1,,-94,,,False,24293186
,DELTA,,-94,,,False,
,RIP,,-94,,,False,40297540
,Gai,,-94,,,False,"40254670, 40221683"
ENSG00000213923,CSNK1E,,-95,,,False,"39872053, 38955142"
ENSG00000100030,MAPK1,"ERK2, MAPK2, PRKM1, PRKM2, p41mapk",-96,Yes,No,True,34992144
ENSG00000239672,NME1,,-96,,,False,
ENSG00000100393,EP300,"KAT3B, p300",-96,No,Yes,True,"36951687, 37696842"
,ATP,,-96,,,False,40320521
ENSG00000119383,PTPA,,-96,,,False,
,cAMPGEFII,,-96,,,False,
,ENDOPHILIN,,-96,,,False,36831023
,GROUCHO,,-96,,,False,36749823
,APS,,-96,,,False,
ENSG00000026103,FAS,"APO-1, APT1, CD95, FAS1, TNFRSF6",-97,No,Yes,True,40307439
ENSG00000055130,CUL1,,-97,,,False,39439118
ENSG00000168040,FADD,,-98,,,False,40203042
ENSG00000149269,PAK1,,-98,Yes,No,True,"40303312, 40274768"
ENSG00000276068,NAIP,,-98,,,False,"39556752, 38374299"
,AC1,,-98,,,False,40058174
,L1,,-98,,,False,40325617
,p6,,-98,,,False,40300662
ENSG00000188386,PPP3R2,,-98,,,False,
,SAP97,,-98,,,False,
ENSG00000172572,PDE3A,,-98,,,False,39355912
ENSG00000188191,PRKAR1B,,-98,,,False,40146487
,CLATHRIN,,-98,,,False,40199068
ENSG00000005339,CBP,,-99,,,False,"15156177, 37995682,"
ENSG00000129538,RAC1,"Rac-1, TC-25, p21-Rac1",-99,Yes,No,True,"27790713, 39052477"
ENSG00000182866,LCK,,-99,Yes,No,True,"31315298, 35665750"
ENSG00000133740,E2F5,,-99,,,False,39473405
ENSG00000159352,PSMD4,,-99,,,False,"39850819, 39011168"
,ICAT,,-99,,,False,40169469
ENSG00000072401,UBE2D1,,-100,,,False,37886979
,PIP5K,,-100,,,False,38156113
,SAM68,,-100,,,False,
ENSG00000149480,MTA2,,-100,,,False,"38744975, 38050825"
ENSG00000089685,BIRC5,,-100,,,False,40293443
ENSG00000177283,FZD8,,-100,,,False,37809047
ENSG00000142208,AKT1,"AKT, PKB, PRKBA, RAC, RAC-alpha",-100,Yes,No,True,"30808672, 31594388"
ENSG00000068383,INPP5A,,-100,,,False,36437782
ENSG00000015475,BID,,-100,,,False,40284519
ENSG00000130522,JUND,,-100,,,False,
ENSG00000115008,IL1A,,-100,,,False,39869046
ENSG00000116030,SUMO1,,-101,,,False,40054443
ENSG00000162738,VANGL2,,-101,,,False,"39968094, 39269442"
ENSG00000101346,POFUT1,,-101,,,False,
ENSG00000110395,CBL,"CBL2, RNF55, c-Cbl",-101,No,Yes,True,36750253
ENSG00000110514,MADD,,-101,,,False,37735672
ENSG00000141456,PELP1,,-101,,,False,"37853941, 36909198"
ENSG00000175054,ATR,"FRP1, MEC1, SCKL, SCKL1",-101,No,Yes,True,40308790
ENSG00000117425,PTCH2,,-101,,,False,39500672
,p38,,-101,,,False,"35141222, 32243890, 33204153"
ENSG00000091409,ITGA6,,-101,,,False,40083708
,SYNAPTOPHYSIN,,-102,,,False,40289395
ENSG00000145386,CCNA2,,-102,,,False,40223048
,cIAP,,-102,,,False,39769432
ENSG00000284792,PTEN,"BZS, MHAM, MMAC1, PTEN1",-102,No,Yes,True,40319143
,TRX,,-102,,,False,39744566
,RPTK,,-102,,,False,24287743
,CAMK,,-102,,,False,
,ERb,,-102,,,False,40272489
,MAPKAP-K3,,-102,,,False,
ENSG00000145604,SKP2,,-102,,,False,40111576
,DNAJ,,-102,,,False,"40274389, 40008192"
,NO,,-102,,,False,
ENSG00000136560,TANK,,-102,,,False,
ENSG00000039068,CDH1,"CD324, UVO, uvomorulin",-102,No,Yes,True,25926721
,VELI1,,-102,,,False,
ENSG00000174130,TLR6,,-102,,,False,39357263
ENSG00000111361,EIF2B1,"EIF-2B, EIF-2Balpha, EIF2B, EIF2BA",-102,No,Yes,True,
ENSG00000150459,SAP18,,-102,,,False,"39687031, 35812454"
,WAVE1,,-102,,,False,"40108533, 36244851"
ENSG00000138443,ABI2,,-103,,,False,"39505332, 38844969"
ENSG00000198681,MAGEA1,,-103,,,False,
ENSG00000114315,HES1,,-103,,,False,40156410
ENSG00000101966,XIAP,"API3, BIRC4, ILP-1, hILP",-103,Yes,No,True,40223857
,ANF,,-104,,,False,
,PBP,,-104,,,False,39861163
,INHIBITOR2,,-104,,,False,
ENSG00000276618,RAD17,"CCYC, RAD17Sp, Rad24",-104,No,Yes,True,38872153
ENSG00000100603,SNW1,,-104,,,False,37013003
,LRP,,-104,,,False,
ENSG00000163932,PRKCD,,-104,,,False,39802100
,CORTACTIN,,-104,,,False,"40196613, 39994636"
ENSG00000156711,MAPK13,,-104,,,False,"39865029, 38272565"
,E1A,,-104,,,False,40016765
,SPRY,,-104,,,False,39739616
,DOC2,,-104,,,False,15305371
,FAF,,-104,,,False,
ENSG00000124216,SNAI1,,-104,,,False,"40259641, 40234378"
,GRIP,,-106,,,False,40275681
ENSG00000147155,EBP,,-106,,,False,40248101
,Gia,,-106,,,False,39989419
ENSG00000134954,ETS1,"ETS-1, EWSR2, FLJ10768",-106,Yes,Yes,True,
,PEN2,,-106,,,False,
,MUNC18,,-106,,,False,
ENSG00000185386,MAPK11,,-106,,,False,"39895059, 39666682"
ENSG00000177885,GRB2,,-106,,,False,38459011
,cADPR,,-106,,,False,
,TGFB,,-106,,,False,40235471
ENSG00000097007,ABL1,"ABL, JTK7, c-ABL",-106,Yes,No,True,31311809
ENSG00000170345,FOS,,-106,,,False,39292359
,IBP,,-106,,,False,40239595
,IKKy,,-106,,,False,
ENSG00000205581,HMGN1,,-106,,,False,38447016
ENSG00000113522,RAD50,"RAD50-2, hRad50",-106,No,Yes,True,40206634
,FODRIN,,-106,,,False,"36082994, 34445080"
ENSG00000144118,RALB,,-106,,,False,"40172988, 39345530"
,COMPLEXIN,,-106,,,False,"40247039, 38427133"
,MNK2,,-106,,,False,39145446
ENSG00000173406,DAB1,,-106,,,False,36849558
ENSG00000139549,DHH,,-106,,,False,
ENSG00000106633,GCK,,-106,,,False,39821340
ENSG00000142867,BCL10,"CIPER, CLAP, c-E10, mE10",-106,No,Yes,True,"40073896, 39460552"
,MLCP,,-106,,,False,30446640
ENSG00000146535,GNA12,gep,-107,Yes,No,True,38357893
ENSG00000125743,SNRPD2,,-107,,,False,35626291
ENSG00000213658,LAT,,-107,,,False,40215940
ENSG00000188313,PLSCR1,,-107,,,False,38636689
,VILIP,,-108,,,False,23873030
ENSG00000136156,ITM2B,,-108,,,False,"39460820, 38676926"
,PTPB1,,-108,,,False,24550987
,PLCg-2,,-108,,,False,
,tRNA,,-108,,,False,40318625
,CKI,,-108,,,False,39917996
,ITGB4BP,,-108,,,False,
,Livin,,-108,,,False,39449708
,TUBBY,,-108,,,False,35145825
ENSG00000170581,STAT2,STAT113,-108,No,No,True,"40264759, 40033291"
ENSG00000283447,NDUFS1,,-108,,,False,39204341
ENSG00000176248,ANAPC2,,-108,,,False,
ENSG00000140262,TCF12,"HEB, HTF4, HsT17266, bHLHb20, p64",-108,No,No,True,39768127
,p110Ia,,-108,,,False,
ENSG00000184384,MAML2,"KIAA1819, MAM3",-108,No,No,True,"40168949, 40088351"
,MIG1,,-108,,,False,32231293
ENSG00000175197,DDIT3,"CHOP, CHOP10, GADD153",-108,No,No,True,40166629
,IKKe,,-108,,,False,
,GCAP,,-108,,,False,30451501
ENSG00000170776,AKAP13,,-108,,,False,37773451
ENSG00000141480,ARRB2,,-108,,,False,36284990
ENSG00000096968,JAK2,JTK10,-108,Yes,No,True,"34968467, 31511084"
ENSG00000051180,RAD51,"BRCC5, FANCR, HsRad51, HsT16930, RAD51A, RECA",-108,No,Yes,True,40302059
,CAMK2,,-108,,,False,39491498
ENSG00000145715,RASA1,"CM-AVM, GAP, RASA, p120GAP, p120RASGAP",-109,No,Yes,True,33125148
,PIP2,,-109,,,False,
,TNFR1,,-109,,,False,40139648
ENSG00000169967,MAP3K2,,-110,,,False,"39963142, 38710724"
,PRK2,,-110,,,False,"38537512, 32127582"
,CHAPSYN110,,-110,,,False,
ENSG00000118689,FOXO3,"AF6q21, FKHRL1, FOXO2, FOXO3A",-110,No,No,True,"38843589, 38354870"
ENSG00000136044,APPL2,,-110,,,False,"35397713, 30218350"
,GMCSF,,-110,,,False,40299000
,FKBP12,,-110,,,False,39828078
ENSG00000284901,RUVBL1,,-110,,,False,39874873
ENSG00000166311,SMPD1,,-110,,,False,39767749
ENSG00000116473,RAP1A,,-110,,,False,"39460812, 39269448"
,ARP3,,-110,,,False,37057894
,PKCE,,-110,,,False,
ENSG00000087088,BAX,BCL2L4,-110,No,No,True,40319094
ENSG00000159692,CTBP1,,-111,,,False,"39967797, 39294274"
,YOTIAO,,-111,,,False,
,TUBULIN,,-111,,,False,40266520
ENSG00000115966,ATF2,,-112,,,False,"36200182, 28318081"
,CPI17,,-112,,,False,27793041
ENSG00000044446,PHKA2,,-112,,,False,"37864183, 18959789"
,Cn,,-112,,,False,40327295
,WAVE2,,-112,,,False,"40141305, 37114076"
ENSG00000157557,ETS2,,-112,,,False,39191856
ENSG00000196782,MAML3,,-112,,,False,"40228447, 39218714"
ENSG00000105173,CCNE1,CCNE,-112,Yes,No,True,40277748
,N41,,-112,,,False,
ENSG00000135587,SMPD2,,-112,,,False,37006285
,SPECTRIN,,-112,,,False,39763869
ENSG00000157456,CCNB2,,-112,,,False,40002266
ENSG00000152661,GJA1,,-112,,,False,39936974
ENSG00000081026,MAGI3,,-112,,,False,"39409874, 35864508"
,NTYPECA,,-113,,,False,
,RIIa,,-113,,,False,39220670
,CAMKIV,,-113,,,False,35929621
,PLCb,,-113,,,False,
ENSG00000137462,TLR2,,-113,,,False,40252477
ENSG00000171791,BCL2,"Bcl-2, PPP1R50",-113,Yes,No,True,
,AC2,,-114,,,False,39933898
ENSG00000134852,CLOCK,,-114,,,False,"40309465, 40302691"
,Zyxin,,-114,,,False,"39792809, 39143566"
,KINESIN,,-114,,,False,40302342
ENSG00000012048,BRCA1,"FANCS, PPP1R53, RNF53",-114,No,Yes,True,25329591
ENSG00000164045,CDC25A,,-114,,,False,40216745
ENSG00000104320,NBN,"AT-V1, AT-V2, ATV, NBS, NBS1",-114,No,Yes,True,40172573
ENSG00000095794,CREM,,-114,,,False,"40086890, 39892476"
ENSG00000132002,DNAJB1,"HSPF1, Hsp40, RSPH16B, Sis1",-114,No,No,True,39947627
,KIR41,,-114,,,False,
ENSG00000198959,TGM2,,-115,,,False,40020263
,SORCIN,,-115,,,False,"39673665, 39215797"
ENSG00000118971,CCND2,,-115,Yes,No,True,39949597
,Itk,,-115,,,False,40177755
ENSG00000115252,PDE1A,,-115,,,False,38179743
,ADAPTIN,,-115,,,False,"37952080, 36150525"
ENSG00000285435,H3-4,"H3.4, H3/g, H3FT, H3t, HIST3H3",-115,No,No,True,30223148
,DG,,-116,,,False,
ENSG00000179094,PER1,"PER, RIGUI",-116,No,No,True,"40254427, 40002179"
ENSG00000132646,PCNA,,-116,,,False,40299210
ENSG00000153094,BCL2L11,"BIM, BOD, BimEL, BimL, BimS",-116,No,Yes,True,"40041411, 39819545"
ENSG00000127947,PTPN12,,-116,,,False,"39477543, 38612874"
ENSG00000116741,RGS2,,-116,,,False,39594230
,KIR23,,-116,,,False,
ENSG00000109062,NHERF1,"EBP50, NHERF, SLC9A3R1",-116,Yes,Yes,True,
ENSG00000106799,TGFBR1,"ALK-5, ALK5, ESS1, MSSE, TBR-i, TBRI",-116,No,Yes,True,"25125747, 21461994"
,Bmf,,-116,,,False,40047910
,p25,,-116,,,False,40189943
ENSG00000245848,CEBPA,"C/EBP-alpha, CEBP",-116,No,Yes,True,"40297811, 40216811"
ENSG00000114126,TFDP2,,-116,,,False,"39318640, 33773557"
,ARNO,,-116,,,False,39820166
ENSG00000184916,JAG2,,-116,,,False,"40032820, 39759522"
ENSG00000152270,PDE3B,,-116,,,False,39602509
,eIF2B,,-116,,,False,"39755597, 37905009"
ENSG00000172845,SP3,,-116,,,False,40055261
ENSG00000281324,LRP6,ADCAD2,-116,Yes,No,True,40000807
ENSG00000174123,TLR10,,-116,,,False,"39537946, 38911853"
ENSG00000138794,CASP6,,-116,,,False,39279521
ENSG00000100151,PICK1,,-116,,,False,"38664379, 35774118"
,NOV,,-117,,,False,40324758
,ADPRIBSYCYCLASE,,-117,,,False,
ENSG00000100368,CSF2RB,,-117,,,False,37527025
ENSG00000121022,COPS5,,-117,,,False,"40053484, 39671715"
ENSG00000071051,NCK2,,-117,,,False,"38583810, 36504051"
ENSG00000173846,PLK3,,-117,,,False,39082977
,EIF3S1,,-117,,,False,
ENSG00000205250,E2F4,,-117,,,False,39930267
ENSG00000116604,MEF2D,,-117,Yes,No,True,"40083704, 39744125"
ENSG00000127124,HIVEP3,,-117,,,False,35535739
ENSG00000147852,VLDLR,,-117,,,False,39715740
ENSG00000100324,TAB1,,-117,,,False,38293343
ENSG00000160712,IL6R,,-117,,,False,40181376
,GALPHAZ,,-117,,,False,
,BPAG1,,-117,,,False,26778559
ENSG00000116478,HDAC1,"GON-10, HD1, KDAC1, RPD3L1",-117,Yes,No,True,"38254102, 37121053"
ENSG00000126583,PRKCG,,-118,,,False,38994113
ENSG00000169891,REPS2,,-118,,,False,
ENSG00000173039,RELA,,-118,,,False,36273237
ENSG00000166333,ILK,,-118,,,False,39890647
ENSG00000113368,LMNB1,,-118,,,False,40020188
ENSG00000205302,SNX2,,-118,,,False,37414723
,CALNEXIN,,-118,,,False,"40281598, 40079126"
ENSG00000081189,MEF2C,,-118,Yes,Yes,True,"40223104, 40162559"
ENSG00000179639,FCER1A,,-118,,,False,
,MRLC,,-118,,,False,30771534
ENSG00000184557,SOCS3,"CIS3, Cish3, SOCS-3, SSI-3",-118,No,Yes,True,40003884
,NAKED,,-118,,,False,40262753
,SLP-76,,-118,,,False,39117875
ENSG00000198369,SPRED2,,-118,,,False,38419308
ENSG00000186298,PPP1CC,,-118,,,False,38589496
,ZFHX1B,,-118,,,False,20551052
ENSG00000106571,GLI3,,-118,,,False,34610962
ENSG00000164683,HEY1,"CHF-2, CHF2, HERP2, HESR-1, HESR1, HRT-1, bHLHb31",-119,No,No,True,"40278892, 40117529"
,PLASMIN,,-119,,,False,
,SYNTROPHIN,,-119,,,False,34663329
ENSG00000175445,LPL,,-119,,,False,
ENSG00000136273,HUS1,,-119,,,False,
ENSG00000172156,CCL11,,-119,,,False,40026499
ENSG00000125753,VASP,,-119,,,False,39792809
ENSG00000183765,CHEK2,"CHK2, HuCds1, PP1425, RAD53, bA444G7",-119,No,Yes,True,40283643
,TFIID,,-119,,,False,"40274828, 39716936"
,GLYR,,-119,,,False,38170953
ENSG00000186951,PPARA,,-119,,,False,"31154022, 36610145"
,GC2,,-119,,,False,
ENSG00000030304,MUSK,,-119,,,False,40130472
,Ser-prot,,-119,,,False,
,RIN,,-119,,,False,
,Hypoxia,,-119,,,False,40323140
,PP2C,,-120,,,False,34861123
,SSCAM,,-120,,,False,
,FAP-1,,-120,,,False,
,DSH,,-120,,,False,
,PLC,,-120,,,False,40298548
,H1,,-120,,,False,40321762
ENSG00000112039,FANCE,"FACE, FAE",-120,No,Yes,True,
,P21,,-120,,,False,40319068
ENSG00000071054,MAP4K4,"FLH21957, HGK, NIK",-120,Yes,No,True,39333438
ENSG00000142453,CARM1,PRMT4,-120,No,No,True,"40286768, 40123976"
ENSG00000115085,ZAP70,,-120,,,False,40073103
ENSG00000145839,IL9,,-120,,,False,
ENSG00000176171,BNIP3,,-120,,,False,40259885
ENSG00000172115,CYCS,,-120,,,False,39799670
,IRAK,,-121,,,False,
ENSG00000111049,MYF5,,-121,,,False,38150655
,p55gamma,,-121,,,False,
ENSG00000163482,STK36,,-121,,,False,25278022
ENSG00000160789,LMNA,"CMD1A, HGPS, LGMD1B, LMN1, LMNL1, PRO1",-121,Yes,No,True,40025218
ENSG00000105976,MET,"DFNB97, HGFR, RCCP2",-121,Yes,No,True,40326538
,ADDUCIN,,-121,,,False,37647209
,GRP94,,-121,,,False,"40289385, 39929814"
,PP1,,-121,,,False,40080415
ENSG00000105723,GSK3A,,-121,,,False,38410441
ENSG00000164305,CASP3,,-121,,,False,"37196719, 29524226."
,FBI1,,-121,,,False,
ENSG00000162302,RPS6KA4,"MSK2, RSK-B",-122,Yes,No,True,37462338
,D2R,,-122,,,False,38793071
,AC5,,-122,,,False,
,SCF,,-122,,,False,40294022
,PGC1A,,-122,,,False,
ENSG00000166963,MAP1A,,-122,,,False,36408130
,KIR21,,-122,,,False,
ENSG00000149925,ALDOA,,-122,,,False,40062228
ENSG00000196208,GREB1,,-122,,,False,
ENSG00000095585,BLNK,,-122,,,False,38010064
,NFAT,,-122,,,False,40028277
ENSG00000103653,CSK,,-123,,,False,40043109
,METS,,-123,,,False,
,GEPHYRIN,,-123,,,False,38241681
ENSG00000109458,GAB1,DFNB26,-123,Yes,No,True,39571732
,GDP,,-123,,,False,40281525
ENSG00000003400,CASP10,,-123,,,False,38287097
,NCOR,,-123,,,False,"39862739, 39180088"
ENSG00000117984,CTSD,,-124,,,False,39969635
,IFN-yR,,-124,,,False,
ENSG00000176619,LMNB2,,-124,,,False,39386842
,NUR77,,-124,,,False,"40164686, 40035146"
,LTYPECA,,-124,,,False,
ENSG00000105639,JAK3,"JAK-3, JAK3_HUMAN, JAKL, L-JAK, LJAK",-124,Yes,No,True,40243485
,C3G,,-124,,,False,39989399
ENSG00000165458,INPPL1,SHIP2,-125,No,Yes,True,
,RAD9,,-125,,,False,
ENSG00000166068,SPRED1,"FLJ33903, PPP1R147",-125,No,Yes,True,39495984
ENSG00000128917,DLL4,,-126,,,False,39951484
ENSG00000174791,RIN1,,-126,,,False,"39385415, 37607974"
,EIF4,,-126,,,False,37369297
,AA,,-126,,,False,
ENSG00000185950,IRS2,,-126,Yes,No,True,39625949
ENSG00000067900,ROCK1,,-126,,,False,40107880
,EDG2,,-126,,,False,23838008
ENSG00000105971,CAV2,,-126,,,False,39297754
ENSG00000169397,RAF1,"CRAF, Raf-1, c-Raf",-126,Yes,No,True,"40227502, 37020037"
ENSG00000154678,PDE1C,,-126,,,False,36824126
ENSG00000141527,CARD14,,-128,,,False,39345893
,H2O2,,-128,,,False,40314087
ENSG00000197971,MBP,,-128,,,False,
ENSG00000139567,ACVRL1,,-128,,,False,39808498
ENSG00000104765,BNIP3L,,-128,,,False,"39945227, 39800710"
,CSL,,-128,,,False,
,PSD93,,-128,,,False,
,PDE2,,-128,,,False,33271150
,RhoGTP,,-128,,,False,31544814
,KIF17B,,-128,,,False,
,Estrogen,,-128,,,False,"40327310, 40324942"
ENSG00000170365,SMAD1,,-128,,,False,39834944
ENSG00000126456,IRF3,,-128,,,False,34557022
ENSG00000151247,EIF4E,"EIF4E1, EIF4EL1, EIF4F",-128,Yes,No,True,40210762
,NASCENTCHAIN,,-128,,,False,
,DLC2,,-128,,,False,
ENSG00000156299,TIAM1,,-128,,,False,40092686
,glucocorticoid,,-128,,,False,
ENSG00000076864,RAP1GAP,,-128,,,False,37919693
ENSG00000213999,MEF2B,RSRFR2,-128,Yes,No,True,"40281485, 39391510"
,ARAI,,-128,,,False,40307456
,DOCK180,,-129,,,False,38750717
,ACTIN,,-129,,,False,40315496
ENSG00000123268,ATF1,TREB36,-130,Yes,No,True,39762170
ENSG00000164105,SAP30,,-130,,,False,"40275313, 38149239"
,COFILIN2,,-130,,,False,
ENSG00000180447,GAS1,,-130,,,False,39961214
ENSG00000213949,ITGA1,,-130,,,False,"40201568, 39813824"
,DAPK,,-130,,,False,"39895102, 39346291"
,MD-2,,-130,,,False,
ENSG00000164690,SHH,,-130,,,False,"40321496, 40244873"
ENSG00000160691,SHC,,-130,,,False,"35706930, 35601500"
ENSG00000131711,MAP1B,,-130,,,False,
ENSG00000187091,PLCD1,,-130,,,False,36849889
,S6,,-130,,,False,"40326268, 40248740"
ENSG00000065526,SPEN,"KIAA0929, MINT, RBM15C, SHARP",-130,No,Yes,True,39778956
ENSG00000160271,RALGDS,"RGDS, RGF, RalGEF",-130,No,No,True,"39138404, 37269475"
ENSG00000071655,MBD3,,-130,,,False,38098452
ENSG00000077238,IL4R,,-130,,,False,
ENSG00000185920,PTCH1,"BCNS, NBCCS, PTCH",-130,No,Yes,True,40156412
,DR3,,-131,,,False,
ENSG00000183161,FANCF,,-131,No,Yes,True,38757223
,BAK,,-131,,,False,40299341
,PKR,,-131,,,False,40203808
ENSG00000072110,ACTN1,,-132,,,False,39738470
,MLCK,,-132,,,False,
,SHANK,,-132,,,False,39368249
,RasGRP,,-132,,,False,31227890
ENSG00000066136,NFYC,,-132,,,False,"40104741, 39182591"
,EIF4G,,-132,,,False,39809544
ENSG00000087095,NLK,,-132,,,False,
ENSG00000177697,CD151,,-132,,,False,39419350
ENSG00000067560,RHOA,"ARH12, ARHA, RHOH12, Rho12",-132,Yes,No,True,40233079
,GRE,,-132,,,False,40075605
,Hrk,,-132,,,False,39730328
ENSG00000164107,HAND2,,-132,,,False,39174852
,DAX-1,,-132,,,False,
,PAR2,,-132,,,False,"40243559, 40205686"
ENSG00000176170,SPHK1,,-132,,,False,40121428
,FASCIN,,-132,,,False,"40295602, 40227870"
,ASK1,,-133,,,False,"40108305, 39955585"
ENSG00000017797,RALBP1,,-133,,,False,37500894
ENSG00000023445,BIRC3,"API2, MALT2, MIHC, RNF49, c-IAP2, cIAP2, hiap-1",-133,Yes,Yes,True,40029500
,Ca++,,-133,,,False,"28119804, 39539289"
,P50,,-133,,,False,
,SOD,,-134,,,False,40297546
,RYR,,-134,,,False,39866241
ENSG00000125968,ID1,"bHLHb24, dJ857M17.1.2",-134,Yes,No,True,39975221
ENSG00000169618,PROKR1,,-134,,,False,32516473
,EIF-4EBP,,-134,,,False,
ENSG00000134057,CCNB1,,-134,,,False,40255471
ENSG00000101213,PTK6,BRK,-134,No,No,True,"39965532, 39392221"
,GABAAR,,-134,,,False,
,BMAL1,,-134,,,False,40258750
ENSG00000108840,HDAC5,,-134,,,False,"40254718, 39991577"
ENSG00000120738,EGR1,"AT225, G0S30, KROX-24, NGFI-A, TIS8, ZIF-268",-134,No,Yes,True,"40292733, 40204777"
,ACT,,-134,,,False,40324910
ENSG00000277443,MARCKS,,-134,,,False,39343539
ENSG00000172020,GAP43,,-134,,,False,39859209
,TFIIB,,-134,,,False,35700575
,ICA512,,-134,,,False,
ENSG00000170421,KRT8,,-134,,,False,39896665
,DIA,,-134,,,False,40231256
ENSG00000274233,CCL5,,-134,,,False,40299520
ENSG00000187741,FANCA,"FA-H, FAA, FACA, FANCH",-134,No,Yes,True,40061205
,SEK,,-134,,,False,40027795
,MST3,,-134,,,False,"39915446, 37490000"
ENSG00000137752,CASP1,,-134,,,False,40081691
ENSG00000138378,STAT4,,-134,Yes,No,True,"40223063, 40147685"
,P1433,,-135,,,False,
ENSG00000110092,CCND1,"BCL1, D11S287E, PRAD1, U21B31",-135,Yes,No,True,34294689
ENSG00000140992,PDPK1,,-135,No,No,True,
,G3PD,,-135,,,False,2453082
,Grb7,,-135,,,False,39628959
,PP32,,-135,,,False,
,Cd++,,-136,,,False,
,NFkB,,-136,,,False,
ENSG00000284832,POLR2A,,-136,,,False,"39844680, 38260385"
ENSG00000143553,SNAPIN,,-136,,,False,26419820
,CHLORIDE,,-136,,,False,40312034
,ANKYRIN,,-136,,,False,40126194
,Puma,,-136,,,False,40313527
ENSG00000070808,CAMK2A,,-137,,,False,"34408002, 32483123"
ENSG00000123374,CDK2,,-137,,,False,"40319068, 40304277"
ENSG00000231617,DAXX,DAP6,-137,No,Yes,True,"40285678, 40158667"
ENSG00000157077,ZFYVE9,,-137,,,False,25501807
ENSG00000016490,CLCA1,,-138,,,False,39097422
ENSG00000082898,XPO1,"CRM-1, CRM1, emb",-138,Yes,No,True,40291981
,RAIDD,,-138,,,False,34256011
,KB,,-138,,,False,40319290
,4-1BBL,,-138,,,False,39869047
,VAMP,,-138,,,False,37700095
ENSG00000147889,CDKN2A,"ARF, CDKN2, CMM2, INK4, INK4a, MLM, p14, p14ARF, p16, p16INK4a, p19Arf",-138,No,Yes,True,40321828
ENSG00000112658,SRF,,-138,,,False,40160138
,ARIP2,,-138,,,False,
,GADD45,,-138,,,False,"40151933, 39955415"
ENSG00000165637,VDAC2,,-138,,,False,40108474
ENSG00000099804,CDC34,,-138,,,False,36332491
ENSG00000006125,AP2B1,,-138,,,False,34779768
ENSG00000160014,CALM3,,-139,,,False,36252447
,ACK,,-139,,,False,
,IQGAP,,-139,,,False,"39023688, 36831467"
ENSG00000131323,TRAF3,"CAP-1, CD40bp, CRAF1, LAP1, RNF118",-139,No,Yes,True,40050946
ENSG00000035720,STAP1,,-139,,,False,37314022
ENSG00000136244,IL6,,-139,,,False,
,MIP1B,,-140,,,False,
ENSG00000285246,NEDD8,,-140,,,False,40163723
,Alg-2,,-140,,,False,38659391
,RLC,,-140,,,False,
ENSG00000135966,TGFBRAP1,,-140,,,False,26682928
,LFG,,-140,,,False,
ENSG00000203811,H3C14,"H3, H3.2, H3/M, H3/m, H3F2, H3FM, HIST2H3C, MGC9629",-140,No,No,True,
,APO2L,,-140,,,False,"40237189, 40151999"
,LAMR1,,-140,,,False,17535553
ENSG00000277641,WNT3,,-140,,,False,39944827
ENSG00000160791,CCR5,,-140,,,False,
ENSG00000169071,ROR2,,-140,,,False,"40202784, 39994845"
ENSG00000137154,RPS6,,-140,,,False,39941730
,SRE,,-140,,,False,40220136
,Glycogen,,-140,,,False,"40316306, 40307042"
,MURR1,,-140,,,False,36205192
ENSG00000158402,CDC25C,,-140,,,False,40034437
,GAS,,-140,,,False,40315951
,FXR,,-140,,,False,40240189
ENSG00000140600,SH3GL3,,-140,,,False,33168185
ENSG00000174827,PDZK1,,-141,,,False,"40156235, 39819421"
,CGMP,,-141,,,False,40193646
,PI3Ky,,-141,,,False,
ENSG00000132906,CASP9,,-141,,,False,
ENSG00000147889,CDKN2A,"ARF, CDKN2, CMM2, INK4, INK4a, MLM, p14, p14ARF, p16, p16INK4a, p19Arf",-141,No,Yes,True,40321828
,MGLUR7,,-141,,,False,
,CK1a,,-141,,,False,30487124
,CALCINEURIN,,-141,,,False,"40263271, 40232377"
ENSG00000010610,CD4,,-141,,,False,40324259
ENSG00000067369,TP53BP1,"53BP1, TDRD30, p202",-142,No,Yes,True,40117291
ENSG00000099942,CRKL,,-142,Yes,No,True,"39962504, 39341909"
ENSG00000221829,FANCG,"FAG, XRCC9",-143,No,Yes,True,39955011
ENSG00000113722,CDX1,,-143,,,False,39049488
,PKG,,-143,,,False,40166422
,APE1,,-143,,,False,40262340
ENSG00000185359,HGS,,-143,,,False,40307840
ENSG00000120063,GNA13,"G13, MGC46138",-144,Yes,Yes,True,39862366
ENSG00000135218,CD36,"GP3B, GP4, GPIV, SCARB3",-144,No,No,True,40294022
ENSG00000175387,SMAD2,"JV18-1, MADH2, MADR2",-144,No,Yes,True,"36216972,  37378449"
ENSG00000165025,SYK,,-144,Yes,No,True,25447675
,PKN,,-145,,,False,
,Clk,,-145,,,False,
,DR5,,-145,,,False,40238542
ENSG00000253729,PRKDC,"DNA-PKC, DNA-PKcs, DNAPK, DNAPKc, DNPK1, HYRC, HYRC1, XRCC7, p350, p460",-145,Yes,Yes,True,40244269
ENSG00000164053,ATRIP,"FLJ12343, MGC20625, MGC21482, MGC26740",-145,No,Yes,True,39187637
ENSG00000100811,YY1,"INO80S, UCRBP, YIN-YANG-1",-146,Yes,No,True,"40296153, 40187571"
ENSG00000171298,GAA,,-146,,,False,40133967
ENSG00000101384,JAG1,,-146,,,False,40154481
ENSG00000136754,ABI1,"ABI-1, E3B1, SSH3BP1",-146,No,No,True,38621200
,SYNTAXIN,,-146,,,False,39773736
ENSG00000175220,ARHGAP1,,-147,,,False,37511111
,RTYPECA,,-147,,,False,
ENSG00000154229,PKCA,,-147,,,False,9468546
,RHOGEFs,,-147,,,False,
ENSG00000017427,IGF1,"IGF, IGF-I, IGF1A, IGFI",-147,Yes,No,True,
,ICAD,,-147,,,False,
,HDAC,,-147,,,False,"40318003, 40302782"
,MEK6,,-147,,,False,29475459
,CD40L,,-147,,,False,40232184
ENSG00000113196,HAND1,,-147,,,False,36594085
,ERK5,,-147,,,False,"40222008, 39979271"
,MLK1,,-148,,,False,31384171
ENSG00000136869,TLR4,,-148,,,False,"40316150, 40309013"
ENSG00000063046,EIF4B,,-148,,,False,39924078
ENSG00000102871,TRADD,,-148,,,False,39080676
ENSG00000035403,VCL,,-148,,,False,29913236
ENSG00000129515,SNX6,,-148,,,False,28339086
,IP3R,,-148,,,False,40022811
,HOMER,,-148,,,False,40287432
ENSG00000076641,PAG1,PAG,-148,No,No,True,"37852106, 36920166"
,MAPKAP2,,-149,,,False,21606198
,SODIUM,,-149,,,False,40319151
,IFNy,,-149,,,False,38831884
ENSG00000100994,PYGB,,-149,,,False,39724502
,AFX,,-149,,,False,
,TIP1,,-149,,,False,34074654
,Fibrinogen,,-149,,,False,40298646
,PAR1,,-149,,,False,"40284906, 40224964"
,Bok,,-149,,,False,39909336
ENSG00000138735,PDE5A,,-149,,,False,38762700
,GABABR,,-149,,,False,
ENSG00000131724,IL13RA1,,-149,,,False,38694815
,SYNAPTOTAGMIN,,-149,,,False,39344704
ENSG00000164362,TERT,"EST2, TCS1, TP2, TRT, hEST2",-149,Yes,No,True,40314768
,4-1BB,,-149,,,False,40232354
,WAVE3,,-149,,,False,"37947948, 36313626"
ENSG00000056558,TRAF1,,-150,,,False,"40210478, 39949951"
ENSG00000111046,MYF6,,-150,,,False,32040482
ENSG00000141736,ERBB2,"CD340, HER-2, HER2, NGL",-150,Yes,No,True,17471238
ENSG00000228978,TNF,,-150,,,False,40325218
ENSG00000158711,ELK4,,-150,Yes,No,True,"39969091, 39305302"
,I1,,-151,,,False,
ENSG00000090020,SLC9A1,,-151,,,False,39579355
,T3R,,-151,,,False,32995956
ENSG00000105810,CDK6,PLSTIRE,-151,Yes,No,True,
,DP1,,-151,,,False,
,CKS1A,,-151,,,False,
ENSG00000143801,PSEN2,,-151,,,False,38496508
ENSG00000147168,IL2RG,,-151,,,False,40017197
ENSG00000116663,FBXO6,,-151,,,False,
ENSG00000173674,EIF1AX,"EIF1A, EIF4C, eIF-1A, eIF-4C",-151,No,No,True,40059100
ENSG00000139618,BRCA2,"FAD1, FANCD1, XRCC11",-151,No,Yes,True,40323719
,TRE,,-151,,,False,40279413
,RhoGDP,,-151,,,False,
,NCADHERIN,,-151,,,False,
ENSG00000167658,EEF2,,-151,,,False,40151001
,TSP1,,-151,,,False,
ENSG00000175793,SFN,,-151,,,False,40227271
,RACK,,-152,,,False,40136372
,EF1A,,-152,,,False,37940144
ENSG00000092820,EZR,VIL2,-152,No,No,True,39816549
,P130,,-153,,,False,"40038454, 38967656"
ENSG00000080815,PSEN1,,-153,,,False,39596030
ENSG00000188612,SUMO2,,-153,,,False,40019654
,MLK,,-153,,,False,"40234171, 39873699"
,CTIP,,-153,,,False,"40207632, 39696918"
ENSG00000228520,RING1,,-153,,,False,38219048
ENSG00000134250,NOTCH2,,-153,Yes,Yes,True,40268552
,14-3-3,,-153,,,False,40018925
ENSG00000159164,SV2A,,-153,,,False,
,DREAM,,-153,,,False,"40292300, 40186367"
,LXR,,-153,,,False,
ENSG00000284933,ARHGEF5,,-153,,,False,"38003617, 30612298"
ENSG00000118503,TNFAIP3,"A20, OTUD7C",-153,No,Yes,True,
,MPR,,-153,,,False,"40302574, 40301916"
,GIRK,,-153,,,False,34558132
ENSG00000141510,TP53,"LFS1, p53",-154,No,Yes,True,"32722796, 34583722"
ENSG00000196664,TLR7,,-154,,,False,40253735
ENSG00000070831,CDC42,"CDC42Hs, G25K",-154,Yes,No,True,34196668
,TCF,,-154,,,False,40273688
ENSG00000172005,MAL,,-155,,,False,"40256230, 40240186"
,SEC61P,,-155,,,False,10933400
ENSG00000143799,PARP1,"ADPRT, ARTD1, PARP, PPOL",-155,No,Yes,True,40316740
ENSG00000174804,FZD4,,-155,,,False,"40216217, 38589650"
,pGC,,-155,,,False,40243295
ENSG00000164342,TLR3,,-155,,,False,40029556
,BCLG,,-155,,,False,
,NTF5,,-155,,,False,
,EDG1,,-155,,,False,25330112
,RAB3,,-155,,,False,38688977
ENSG00000262785,PKLR,,-155,,,False,"40130200, 39917491"
,AIF,,-155,,,False,40227697
ENSG00000281221,PSMC4,,-155,,,False,"37452172, 36064557"
ENSG00000114520,SNX4,,-155,,,False,"37158588, 33468622"
ENSG00000166851,PLK1,,-155,,,False,40302799
ENSG00000187554,TLR5,,-155,,,False,39676674
ENSG00000134318,ROCK2,,-155,,,False,40248103
ENSG00000012983,MAP4K5,,-155,,,False,
,SAPAP,,-155,,,False,
,AMPAR,,-156,,,False,
ENSG00000136854,STXBP1,,-156,,,False,37993579
,NICD,,-156,,,False,29704427
ENSG00000127191,TRAF2,"RNF117, TRAP3",-156,No,No,True,"37081115, 36011046, 37415241"
,BP75,,-156,,,False,7959299
ENSG00000136997,MYC,"MYCC, bHLHe39, c-Myc",-156,Yes,No,True,"22464321, 34508258"
ENSG00000069702,TGFBR3,,-157,,,False,39765733
,KV11,,-157,,,False,
ENSG00000104365,IKBKB,"IKK-beta, IKK2, IKKB, NFKBIKB",-157,No,No,True,39996775
,COFILIN1,,-157,,,False,
,MGLUR1,,-157,,,False,39608297
,ErbB3,,-157,,,False,
,MSK1,,-157,,,False,"39942957, 39566403"
ENSG00000074047,GLI2,,-157,,,False,"32319599, 30409762"
,IP3,,-157,,,False,39587630
,Importin,,-157,,,False,
,REQ,,-157,,,False,
,STARGAZIN,,-157,,,False,20688780
ENSG00000087842,PIR,,-157,,,False,"40263143, 40243460"
,P130Cas,,-157,,,False,
ENSG00000074181,NOTCH3,"CADASIL, CASIL",-158,Yes,Yes,True,"40252157, 40086324"
,PTP-SL,,-159,,,False,
,HSP27,,-159,,,False,40283119
,NEURABIN,,-159,,,False,
,TOR,,-159,,,False,
ENSG00000113070,HBEGF,,-159,,,False,
ENSG00000100883,SRP54,,-159,,,False,37226705
,RSK,,-159,,,False,40102447
,HSPC,,-159,,,False,40275166
,SRPR,,-159,,,False,10484978
ENSG00000161835,TAMALIN,,-159,,,False,
,AKAP,,-159,,,False,40258145
,FGF,,-159,,,False,40294072
ENSG00000138442,WDR12,,-159,,,False,"38590422, 36438703"
,TNFR2,,-160,,,False,"40278841, 40210241"
,SDF1,,-160,,,False,
,RIIb,,-160,,,False,
ENSG00000064393,HIPK2,,-160,,,False,"39554746, 39171173"
,SAC,,-161,,,False,40293648
,CK1d,,-161,,,False,
ENSG00000123360,PDE1B,,-161,,,False,36807122
ENSG00000018236,CNTN1,,-161,,,False,39150637
ENSG00000196591,HDAC2,"KDAC2, YAF1",-161,Yes,No,True,40090152
ENSG00000172575,RASGRP1,,-161,,,False,39145071
ENSG00000100644,HIF1A,"HIF-1alpha, HIF1, MOP1, PASD8, bHLHe78",-161,Yes,No,True,"37816999, 30081903"
,MKK7,,-161,,,False,38374934
ENSG00000138795,LEF1,"TCF10, TCF1ALPHA, TCF7L3",-161,Yes,No,True,"40307756, 40196595"
,ABP1,,-161,,,False,22217303
ENSG00000028528,SNX1,,-161,,,False,"38909779, 38606629"
,MEK3,,-162,,,False,32512418
ENSG00000002330,BAD,,-162,,,False,"40320628, 40314800"
,RAR,,-163,,,False,40256326
ENSG00000102145,GATA1,"ERYF1, GATA-1, GF1, NF-E1, NFE1",-163,No,No,True,40048486
,RXR,,-163,,,False,40058825
ENSG00000276876,MYT1,,-163,,,False,39211113
,RNPK,,-163,,,False,
,ECM,,-163,,,False,40318796
ENSG00000129566,TEP1,,-163,,,False,37818043
,ISGF3G,,-163,,,False,
ENSG00000171608,PIK3CD,p110D,-163,Yes,No,True,39872539
ENSG00000095370,SH2D3C,,-163,,,False,38688945
ENSG00000107130,NCS1,,-163,,,False,38506990
ENSG00000135744,AGT,,-163,,,False,39766817
,p38gamma,,-163,,,False,
ENSG00000283780,MAML1,,-163,,,False,38170217
ENSG00000117560,FASLG,,-163,,,False,39777457
ENSG00000151247,EIF4E,"EIF4E1, EIF4EL1, EIF4F",-163,Yes,No,True,40210762
ENSG00000169598,DFFB,,-163,,,False,37075072
ENSG00000109471,IL2,"IL-2, TCGF",-163,No,No,True,
,DKK,,-163,,,False,39941823
ENSG00000143333,RGS16,,-163,,,False,37473526
ENSG00000089250,NOS1,,-163,,,False,38877096
,POR1,,-163,,,False,
ENSG00000026025,VIM,,-163,,,False,40296906
,CD3,,-163,,,False,40320111
ENSG00000284161,EEF2K,,-163,,,False,39950798
,CAP,,-163,,,False,40322814
,RKIP,,-164,,,False,40154299
ENSG00000165699,TSC1,"KIAA0243, TSC, hamartin",-165,No,Yes,True,40210315
,EIF4A,,-165,,,False,40077831
,CAMKK,,-165,,,False,
ENSG00000096696,DSP,,-165,,,False,40158048
,AXIN,,-165,,,False,39908140
ENSG00000285109,GATA4,,-165,No,Yes,True,39900757
,PLCE,,-165,,,False,28418898
ENSG00000130779,CLIP1,"CLIP-170, CLIP170, CYLN1, RSN",-165,No,No,True,38575808
ENSG00000113448,PDE4D,,-165,,,False,
ENSG00000106683,LIMK1,,-165,,,False,"40100341, 39879704"
ENSG00000164078,MST1R,"CD136, CDw136, PTK8, RON, SEA",-165,Yes,No,True,
ENSG00000143437,ARNT,"HIF-1beta, bHLHe2",-166,No,No,True,38806469
,TID1,,-166,,,False,33406664
ENSG00000179295,PTPN11,"BPTP3, NS1, PTP2C, SH-PTP2, SHP-2, SHP2",-166,Yes,No,True,35802774
,p107,,-166,,,False,38959035
,Lgs,,-167,,,False,40136638
ENSG00000132470,ITGB4,,-167,,,False,40121428
ENSG00000119699,TGFB3,,-167,,,False,39701195
,GAT1,,-167,,,False,
,PROFILIN,,-167,,,False,"39715971, 39056295"
ENSG00000100290,BIK,,-167,,,False,39971927
ENSG00000171552,BCL2L1,"BCL2L, BCLX, Bcl-X, PPP1R52, bcl-xL, bcl-xS",-167,No,No,True,35184257
,DARPP-32,,-167,,,False,38036593
,p67phox,,-167,,,False,36764612
,GRIM19,,-167,,,False,"38847244, 37118800"
,PMCA,,-167,,,False,39716493
,D1R,,-168,,,False,37953959
,MKP1,,-168,,,False,
,TNFB,,-168,,,False,23086128
ENSG00000166225,FRS2,"FRS2A, FRS2alpha, SNT-1",-168,Yes,No,True,"39762180, 39033733"
,STAT,,-168,,,False,40317372
,p70s6K,,-169,,,False,40117527
,MAP4K6,,-169,,,False,
,Calpain1,,-169,,,False,
,Noxa,,-169,,,False,"40243501, 40118423"
,TAX,,-169,,,False,"40271200, 40165161"
ENSG00000113520,IL4,,-169,,,False,
ENSG00000155760,FZD7,,-169,,,False,"40021214, 39709523"
ENSG00000119878,CRIPT,,-169,,,False,
ENSG00000109332,UBE2D3,,-170,,,False,"39614426, 38866770"
,p34,,-170,,,False,
,CAPRI,,-171,,,False,40153795
,SPAL,,-171,,,False,39095306
ENSG00000065526,SPEN,"KIAA0929, MINT, RBM15C, SHARP",-171,No,Yes,True,39778956
ENSG00000152256,PDK1,,-171,Yes,No,True,40185258
,DP103,,-171,,,False,"27308465, 22174681"
,KV41,,-171,,,False,
ENSG00000152689,RASGRP3,,-171,,,False,36383217
ENSG00000001167,NFYA,,-171,,,False,39254227
,KV12,,-171,,,False,
,IAP,,-171,,,False,40210129
,BIP,,-172,,,False,40289385
,HMG2,,-172,,,False,
,RASGRF,,-172,,,False,25208761
ENSG00000125931,CITED1,,-173,,,False,38782103
ENSG00000198001,IRAK4,,-173,,,False,39841001
ENSG00000163558,PRKCI,"DXS1179E, PKCI",-173,Yes,No,True,
,FKBP,,-173,,,False,40053226
ENSG00000020922,MRE11,"ATLD, MRE11A",-173,No,Yes,True,40210436
ENSG00000175029,CTBP2,,-173,,,False,39071697
ENSG00000168036,CTNNB1,"CTNNB, armadillo, beta-catenin",-174,Yes,No,True,31511060
,MUNC13,,-174,,,False,35087953
,PKCz,,-174,,,False,
,CSX,,-174,,,False,
ENSG00000144895,EIF2A,,-174,,,False,38497492
ENSG00000168646,AXIN2,"DKFZp781B0869, MGC126582",-174,No,Yes,True,39956770
,Bcl-w,,-174,,,False,39423550
,P35611,,-175,,,False,
ENSG00000145675,p85,,-175,,,False,26807692
ENSG00000022267,FHL1,,-175,,,False,39441229
ENSG00000130159,ECSIT,SITPEC,-175,Yes,No,True,"39384444, 36369293"
,CNG,,-175,,,False,39709702
ENSG00000065243,PKN2,,-175,,,False,39002682
,PR-A,,-175,,,False,
,GALPHAO,,-175,,,False,
,RADIXIN,,-175,,,False,39976799
ENSG00000125740,FOSB,,-175,,,False,30658436
ENSG00000135341,MAP3K7,"MEKK7, TAK1",-175,Yes,No,True,40080642
,MEKK4,,-175,,,False,30259868
ENSG00000197694,SPTAN1,,-176,,,False,37843276
ENSG00000125618,PAX8,,-177,Yes,No,True,
,CB1R,,-177,,,False,39663420
ENSG00000115484,CCT4,,-177,,,False,37058032
ENSG00000134072,CAMK1,,-177,,,False,
,GLUT4,,-177,,,False,40087788
,MLK3,,-177,,,False,39207123
,RICS,,-177,,,False,39906702
ENSG00000164399,IL3,"IL-3, MCGF, MGC79398, MGC79399, MULTI-CSF",-178,Yes,No,True,
,Tsh,,-178,,,False,40291368
,krm,,-178,,,False,
,G2,,-178,,,False,40321606
ENSG00000171223,JUNB,,-178,,,False,
ENSG00000115415,STAT1,"ISGF-3, STAT91",-178,No,No,True,"25267067, 29702007"
,FAN,,-178,,,False,40326873
,GTP,,-178,,,False,38593348
ENSG00000118094,TREH,,-178,,,False,32876528
,EIF2G,,-178,,,False,
,PP2A,,-179,,,False,"40292406, 40251453"
,M2R,,-179,,,False,32572026
,mRNA,,-180,,,False,40325054
ENSG00000105397,TYK2,JTK1,-180,Yes,No,True,39867576
ENSG00000113456,RAD1,,-180,,,False,
ENSG00000111145,ELK3,,-180,,,False,39551868
,Forskolin,,-180,,,False,39561220
ENSG00000120837,NFYB,,-180,,,False,39349591
ENSG00000184009,ACTG1,"ACTG, DFNA20, DFNA26",-180,No,Yes,True,34767732
ENSG00000132341,RAN,,-180,,,False,"40325044, 40319028, 40316188, 40304058"
ENSG00000133961,NUMB,,-181,,,False,"40296944, 39863103"
,GABA,,-182,,,False,40306941
ENSG00000142192,APP,,-182,,,False,"40327523, 40325340, 40323625"
,HERP1,,-182,,,False,
,O2,,-182,,,False,40323843
,PLA2P,,-182,,,False,
ENSG00000112576,CCND3,,-182,Yes,No,True,40099112
ENSG00000139687,RB1,"OSRC, PPP1R130, RB",-182,No,Yes,True,"31174843, 21295686"
,ARP23,,-182,,,False,
ENSG00000165806,CASP7,,-182,,,False,40214725
,GCSF,,-182,,,False,
ENSG00000114993,RTKN,,-182,,,False,37373169
,EPAC1,,-182,,,False,38447883
ENSG00000135446,CDK4,PSK-J3,-182,Yes,No,True,40316529
,NEUREXIN,,-182,,,False,"39586004, 38494280"
ENSG00000275555,DLL1,,-183,,,False,39731910
,HOP,,-184,,,False,40076912
,APO3L,,-184,,,False,
,EBS,,-184,,,False,39919001
,CPI,,-184,,,False,40194508
,DEDD1,,-184,,,False,
,MERLIN,,-184,,,False,40270447
ENSG00000114251,WNT5A,,-184,,,False,40246836
,GIPC,,-184,,,False,34705526
ENSG00000136535,TBR1,,-184,,,False,
,myosin,,-184,,,False,40268931
,IKKA,,-184,,,False,
,hsp70,,-184,,,False,
ENSG00000187098,MITF,"MI, WS2, WS2A, bHLHe32",-184,Yes,Yes,True,40189028
,HUR,,-184,,,False,40280544
,TUBB4Q,,-184,,,False,
ENSG00000157404,KIT,"C-Kit, CD117, PBT, SCFR",-184,Yes,No,True,36332623
ENSG00000183735,TBK1,,-184,,,False,40291379
ENSG00000091129,NRCAM,,-184,,,False,
ENSG00000129152,MYOD1,"MYF3, MYOD, bHLHc1",-184,No,Yes,True,39913888
,GAB,,-184,,,False,
ENSG00000143384,MCL1,"BCL2L3, Mcl-1",-184,Yes,No,True,
ENSG00000125538,IL1B,,-184,,,False,40280932
ENSG00000137975,CLCA2,,-185,,,False,35875026
ENSG00000112851,ERBIN,,-186,,,False,"39778021, 39391694"
ENSG00000106991,ENG,,-186,,,False,"40327613, 40322739"
,CHREBP,,-186,,,False,39530300
ENSG00000259207,ITGB3,,-186,,,False,"40181316, 39940785"
ENSG00000180370,PAK2,,-186,,,False,39799795
ENSG00000081059,TCF7,,-186,,,False,40138122
ENSG00000144554,FANCD2,"FA-D2, FACD, FANCD",-186,No,Yes,True,40232843
ENSG00000108061,SHOC2,"KIAA0862, SOC-2, SOC2, SUR-8, SUR8",-186,Yes,No,True,39871893
,S1P,,-186,,,False,40236155
,APOER2,,-186,,,False,
ENSG00000108518,PFN1,,-186,,,False,39990193
ENSG00000238196,NOTCH4,INT3,-186,Yes,Yes,True,40002854
,PICCOLO,,-186,,,False,40220761
ENSG00000144589,STK11IP,,-186,,,False,33041669
,GALPHAI,,-186,,,False,
,RAB5,,-186,,,False,39994216
ENSG00000221914,PPP2R2A,"B55A, B55alpha, PR52A, PR55A, PR55alpha",-186,No,Yes,True,39659585
,PTC,,-186,,,False,"40323236, 40315644"
ENSG00000164161,HHIP,,-186,,,False,39548148
,c-JUN,,-186,,,False,
ENSG00000105245,NUMBL,,-186,,,False,"38853072, 37373553"
ENSG00000198793,MTOR,"FLJ44809, FRAP, FRAP1, FRAP2, RAFT1, RAPT1",-186,Yes,No,True,40324771
ENSG00000198561,CTNND1,,-187,,,False,38963703
,CREB,,-187,,,False,40286992
ENSG00000181274,FRAT2,,-188,,,False,32802426
ENSG00000149554,CHEK1,CHK1,-188,No,Yes,True,40233744
ENSG00000115904,HGF,"DFNB39, F-TCF, HGFB, HPTA",-188,Yes,No,True,"36459180, 37042566"
ENSG00000105325,FZR1,"CDC20C, FZR, FZR2, HCDH, HCDH1, KIAA1242",-190,Yes,Yes,True,38134863
,MLC,,-190,,,False,40250422
,A-Raf,,-191,,,False,
,RAL,,-192,,,False,"39928953, 39892519"
ENSG00000107882,SUFU,"PRO1280, SUFUH, SUFUXL",-194,No,Yes,True,40276932
ENSG00000273529,HES5,,-195,,,False,38603632
,G1,,-196,,,False,40324623
,SYNAPSIN,,-196,,,False,39953287
,ALPHAACTININ,,-197,,,False,
ENSG00000272886,DCP1A,,-198,,,False,37065560
ENSG00000071564,TCF3,"E2A, E47, ITF1, MGC129647, MGC129648, VDIR, bHLHb21",-198,No,Yes,True,40171518
,M1R,,-198,,,False,36002781
ENSG00000153071,DAB2,,-198,,,False,39760915
ENSG00000154764,WNT7A,,-199,,,False,38894865
,B2AR,,-202,,,False,
ENSG00000113575,PPP2CA,,-202,,,False,39298813
,Ryk,,-204,,,False,"38193678, 38064524"
ENSG00000026508,CD44,,-204,,,False,"40320243, 40312703"
,FORKHEAD,,-205,,,False,
ENSG00000108946,PRKAR1A,"CNC1, PRKAR1, TSE1",-205,No,Yes,True,39406624
ENSG00000145715,p120,,-207,,,False,33125148
,LEF,,-208,,,False,40108157
,mDIA,,-210,,,False,32736682
ENSG00000163430,FSTL1,"FRP, FSL1, OCC-1, OCC1, tsc36",-210,Yes,No,True,39804150
ENSG00000177455,CD19,,-212,Yes,No,True,40318961
ENSG00000120899,PTK,,-213,,,False,26330541
,AXAM2,,-215,,,False,
ENSG00000163513,TGFBR2,"MFS2, TBR-ii, TBRII",-216,No,Yes,True,"38729557, 32628850"
,Idax,,-220,,,False,24220273
ENSG00000023734,STRAP,,-222,,,False,39904022
ENSG00000182968,SOX1,,-224,,,False,"40259371, 40157295"
,PKA,,-226,,,False,24212646
ENSG00000128602,SMO,"FZD11, SMOH",-229,Yes,No,True,40129067
ENSG00000127946,HIP1,,-230,No,No,True,38961904
ENSG00000124789,NUP153,,-234,,,False,
,plectin,,-240,,,False,39915800
ENSG00000113558,SKP1,,-240,,,False,39868286
,N-WASP,,-242,,,False,40105919
ENSG00000134982,APC,"DP2.5, PPP1R46",-245,No,Yes,True,40312419
ENSG00000162772,ATF3,,-246,,,False,
ENSG00000111424,VDR,,-247,,,False,
ENSG00000133056,PIK3C2B,"C2-PI3K, PI3K-C2beta",-248,Yes,No,True,38852153
ENSG00000130177,CDC16,,-253,,,False,"39638786, 35088579"
ENSG00000169398,FAK,,-256,,,False,30849480
ENSG00000138134,STAMBPL1,,-258,,,False,39706065
ENSG00000146648,EGFR,"ERBB, ERBB1, ERRP",-262,Yes,No,True,35427766
ENSG00000148498,PARD3,,-263,,,False,39399669
ENSG00000004975,DVL2,,-282,,,False,39404409
,RAS,,-300,,,False,40323497
ENSG00000283060,ID3,"HEIR-1, bHLHb25",-311,No,Yes,True,40078091
,AP2,,-314,,,False,"40175846, 39964473"
ENSG00000161202,DVL3,,-364,,,False,39656865
,DYNAMIN,,-373,,,False,40198702
ENSG00000115738,ID2,,-388,,,False,40051631
,Sin3,,-388,,,False,39094826
ENSG00000135597,REPS1,,-396,,,False,34885215
ENSG00000111057,KRT18,,-422,,,False,39729139
,RNTRE,,-428,,,False,
